Type,Name,Request Count,Failure Count,Median Response Time,Average Response Time,Min Response Time,Max Response Time,Average Content Size,Requests/s,Failures/s,50%,66%,75%,80%,90%,95%,98%,99%,99.9%,99.99%,100%
GET,/albums,26671,2,220.0,948.588935232687,59.41991299999927,331356.780613,9332.300138727456,24.911667557059566,0.001868071505159879,220,490,710,850,1500,2400,5100,9700,96000,239000,331000
GET,/comments,26083,0,510.0,1808.1396965438785,76.94679999997334,402084.3831660001,157745.0,24.36245453454256,0.0,510,890,1200,1500,2600,4300,12000,25000,119000,401000,402000
GET,/photos,26221,0,760.0,2547.439886319742,82.29142099999365,413033.38466800004,1071472.0,24.491351468398594,0.0,760,1400,2100,2700,4900,7900,14000,25000,187000,346000,413000
GET,/posts,25798,0,270.0,1354.5298249337905,62.0792200000011,379268.08395599993,27520.0,24.09625434505728,0.0,270,580,840,1100,1900,3400,8000,17000,112000,303000,379000
GET,/users,79627,2,230.0,908.8796419895785,59.63684099999966,401102.64819100004,5644.858213922414,74.37446487068284,0.001868071505159879,230,520,720,870,1600,2600,5200,10000,56000,197000,401000
,Aggregated,184400,4,320.0,1337.166291388719,59.41991299999927,413033.38466800004,182309.52282537962,172.23619277574085,0.003736143010319758,320,650,920,1100,2200,3800,8100,14000,100000,308000,413000
